<?xml version="1.0" encoding="UTF-8"?><font><info face="CourierPrime-Regular" size="50" bold="0" italic="0" charset="" unicode="1" stretchH="100" smooth="1" aa="1" padding="1,1,1,1" spacing="1,1"/><common lineHeight="50" base="39" scaleW="289" scaleH="289" pages="1" packed="0"/><pages><page id="0" file="your_font.png"/></pages><chars count="91"><char id="32" x="0" y="0" width="0" height="0" xoffset="0" yoffset="0" xadvance="30" page="0" chnl="15"/><!--   --><char id="33" x="35" y="86" width="10" height="33" xoffset="10" yoffset="8" xadvance="30" page="0" chnl="15"/><!-- ! --><char id="34" x="112" y="270" width="20" height="16" xoffset="5" yoffset="8" xadvance="30" page="0" chnl="15"/><!-- " --><char id="35" x="50" y="104" width="30" height="33" xoffset="0" yoffset="9" xadvance="30" page="0" chnl="15"/><!-- # --><char id="36" x="171" y="252" width="24" height="37" xoffset="3" yoffset="7" xadvance="30" page="0" chnl="15"/><!-- $ --><char id="37" x="50" y="70" width="30" height="33" xoffset="0" yoffset="9" xadvance="30" page="0" chnl="15"/><!-- % --><char id="38" x="171" y="0" width="27" height="33" xoffset="2" yoffset="9" xadvance="30" page="0" chnl="15"/><!-- & --><char id="39" x="35" y="156" width="8" height="16" xoffset="11" yoffset="8" xadvance="30" page="0" chnl="15"/><!-- ' --><char id="40" x="249" y="191" width="17" height="44" xoffset="6" yoffset="5" xadvance="30" page="0" chnl="15"/><!-- ( --><char id="41" x="249" y="236" width="17" height="44" xoffset="7" yoffset="5" xadvance="30" page="0" chnl="15"/><!-- ) --><char id="42" x="199" y="238" width="24" height="22" xoffset="3" yoffset="9" xadvance="30" page="0" chnl="15"/><!-- * --><char id="43" x="199" y="213" width="24" height="24" xoffset="3" yoffset="14" xadvance="30" page="0" chnl="15"/><!-- + --><char id="44" x="35" y="69" width="12" height="16" xoffset="8" yoffset="32" xadvance="30" page="0" chnl="15"/><!-- , --><char id="45" x="199" y="277" width="24" height="5" xoffset="3" yoffset="23" xadvance="30" page="0" chnl="15"/><!-- - --><char id="46" x="35" y="146" width="10" height="9" xoffset="10" yoffset="32" xadvance="30" page="0" chnl="15"/><!-- . --><char id="47" x="249" y="65" width="22" height="45" xoffset="4" yoffset="5" xadvance="30" page="0" chnl="15"/><!-- / --><char id="48" x="199" y="94" width="24" height="33" xoffset="3" yoffset="9" xadvance="30" page="0" chnl="15"/><!-- 0 --><char id="49" x="142" y="257" width="23" height="32" xoffset="4" yoffset="9" xadvance="30" page="0" chnl="15"/><!-- 1 --><char id="50" x="225" y="190" width="23" height="32" xoffset="3" yoffset="9" xadvance="30" page="0" chnl="15"/><!-- 2 --><char id="51" x="225" y="88" width="23" height="33" xoffset="3" yoffset="9" xadvance="30" page="0" chnl="15"/><!-- 3 --><char id="52" x="199" y="34" width="25" height="32" xoffset="2" yoffset="9" xadvance="30" page="0" chnl="15"/><!-- 4 --><char id="53" x="225" y="223" width="23" height="32" xoffset="3" yoffset="10" xadvance="30" page="0" chnl="15"/><!-- 5 --><char id="54" x="225" y="122" width="23" height="33" xoffset="4" yoffset="9" xadvance="30" page="0" chnl="15"/><!-- 6 --><char id="55" x="249" y="0" width="23" height="32" xoffset="4" yoffset="10" xadvance="30" page="0" chnl="15"/><!-- 7 --><char id="56" x="225" y="256" width="22" height="33" xoffset="4" yoffset="9" xadvance="30" page="0" chnl="15"/><!-- 8 --><char id="57" x="225" y="156" width="23" height="33" xoffset="3" yoffset="9" xadvance="30" page="0" chnl="15"/><!-- 9 --><char id="58" x="35" y="120" width="10" height="25" xoffset="10" yoffset="16" xadvance="30" page="0" chnl="15"/><!-- : --><char id="59" x="35" y="36" width="12" height="32" xoffset="8" yoffset="16" xadvance="30" page="0" chnl="15"/><!-- ; --><char id="61" x="199" y="261" width="24" height="15" xoffset="3" yoffset="18" xadvance="30" page="0" chnl="15"/><!-- = --><char id="63" x="249" y="157" width="20" height="33" xoffset="5" yoffset="8" xadvance="30" page="0" chnl="15"/><!-- ? --><char id="64" x="50" y="204" width="30" height="32" xoffset="0" yoffset="13" xadvance="30" page="0" chnl="15"/><!-- @ --><char id="65" x="0" y="161" width="32" height="31" xoffset="-1" yoffset="10" xadvance="30" page="0" chnl="15"/><!-- A --><char id="66" x="142" y="34" width="28" height="31" xoffset="0" yoffset="10" xadvance="30" page="0" chnl="15"/><!-- B --><char id="67" x="142" y="223" width="27" height="33" xoffset="1" yoffset="9" xadvance="30" page="0" chnl="15"/><!-- C --><char id="68" x="112" y="0" width="29" height="31" xoffset="0" yoffset="10" xadvance="30" page="0" chnl="15"/><!-- D --><char id="69" x="142" y="66" width="28" height="31" xoffset="0" yoffset="10" xadvance="30" page="0" chnl="15"/><!-- E --><char id="70" x="112" y="32" width="29" height="31" xoffset="0" yoffset="10" xadvance="30" page="0" chnl="15"/><!-- F --><char id="71" x="81" y="219" width="29" height="33" xoffset="1" yoffset="9" xadvance="30" page="0" chnl="15"/><!-- G --><char id="72" x="112" y="64" width="29" height="31" xoffset="0" yoffset="10" xadvance="30" page="0" chnl="15"/><!-- H --><char id="73" x="249" y="33" width="23" height="31" xoffset="3" yoffset="10" xadvance="30" page="0" chnl="15"/><!-- I --><char id="74" x="81" y="253" width="29" height="32" xoffset="1" yoffset="10" xadvance="30" page="0" chnl="15"/><!-- J --><char id="75" x="50" y="237" width="30" height="31" xoffset="0" yoffset="10" xadvance="30" page="0" chnl="15"/><!-- K --><char id="76" x="142" y="98" width="28" height="31" xoffset="0" yoffset="10" xadvance="30" page="0" chnl="15"/><!-- L --><char id="77" x="0" y="193" width="32" height="31" xoffset="-1" yoffset="10" xadvance="30" page="0" chnl="15"/><!-- M --><char id="78" x="50" y="138" width="30" height="32" xoffset="0" yoffset="10" xadvance="30" page="0" chnl="15"/><!-- N --><char id="79" x="142" y="0" width="28" height="33" xoffset="1" yoffset="9" xadvance="30" page="0" chnl="15"/><!-- O --><char id="80" x="142" y="130" width="28" height="31" xoffset="0" yoffset="10" xadvance="30" page="0" chnl="15"/><!-- P --><char id="81" x="112" y="123" width="28" height="39" xoffset="1" yoffset="9" xadvance="30" page="0" chnl="15"/><!-- Q --><char id="82" x="81" y="0" width="30" height="31" xoffset="0" yoffset="10" xadvance="30" page="0" chnl="15"/><!-- R --><char id="83" x="199" y="0" width="25" height="33" xoffset="2" yoffset="9" xadvance="30" page="0" chnl="15"/><!-- S --><char id="84" x="171" y="34" width="27" height="31" xoffset="1" yoffset="10" xadvance="30" page="0" chnl="15"/><!-- T --><char id="85" x="50" y="171" width="30" height="32" xoffset="0" yoffset="10" xadvance="30" page="0" chnl="15"/><!-- U --><char id="86" x="0" y="128" width="32" height="32" xoffset="-1" yoffset="10" xadvance="30" page="0" chnl="15"/><!-- V --><char id="87" x="0" y="36" width="34" height="32" xoffset="-2" yoffset="10" xadvance="30" page="0" chnl="15"/><!-- W --><char id="88" x="81" y="32" width="30" height="31" xoffset="0" yoffset="10" xadvance="30" page="0" chnl="15"/><!-- X --><char id="89" x="81" y="64" width="30" height="31" xoffset="0" yoffset="10" xadvance="30" page="0" chnl="15"/><!-- Y --><char id="90" x="199" y="128" width="24" height="31" xoffset="3" yoffset="10" xadvance="30" page="0" chnl="15"/><!-- Z --><char id="91" x="273" y="0" width="16" height="43" xoffset="7" yoffset="6" xadvance="30" page="0" chnl="15"/><!-- [ --><char id="93" x="273" y="44" width="16" height="43" xoffset="7" yoffset="6" xadvance="30" page="0" chnl="15"/><!-- ] --><char id="94" x="50" y="269" width="22" height="20" xoffset="4" yoffset="9" xadvance="30" page="0" chnl="15"/><!-- ^ --><char id="95" x="0" y="122" width="34" height="5" xoffset="-2" yoffset="45" xadvance="30" page="0" chnl="15"/><!-- _ --><char id="97" x="142" y="162" width="28" height="26" xoffset="2" yoffset="16" xadvance="30" page="0" chnl="15"/><!-- a --><char id="98" x="81" y="148" width="29" height="35" xoffset="-1" yoffset="7" xadvance="30" page="0" chnl="15"/><!-- b --><char id="99" x="199" y="67" width="25" height="26" xoffset="2" yoffset="16" xadvance="30" page="0" chnl="15"/><!-- c --><char id="100" x="112" y="163" width="28" height="35" xoffset="2" yoffset="7" xadvance="30" page="0" chnl="15"/><!-- d --><char id="101" x="171" y="66" width="26" height="26" xoffset="2" yoffset="16" xadvance="30" page="0" chnl="15"/><!-- e --><char id="102" x="171" y="182" width="25" height="34" xoffset="3" yoffset="7" xadvance="30" page="0" chnl="15"/><!-- f --><char id="103" x="112" y="199" width="28" height="35" xoffset="2" yoffset="16" xadvance="30" page="0" chnl="15"/><!-- g --><char id="104" x="50" y="0" width="30" height="34" xoffset="0" yoffset="7" xadvance="30" page="0" chnl="15"/><!-- h --><char id="105" x="171" y="146" width="25" height="35" xoffset="3" yoffset="6" xadvance="30" page="0" chnl="15"/><!-- i --><char id="106" x="249" y="111" width="21" height="45" xoffset="3" yoffset="6" xadvance="30" page="0" chnl="15"/><!-- j --><char id="107" x="50" y="35" width="30" height="34" xoffset="0" yoffset="7" xadvance="30" page="0" chnl="15"/><!-- k --><char id="108" x="171" y="217" width="25" height="34" xoffset="3" yoffset="7" xadvance="30" page="0" chnl="15"/><!-- l --><char id="109" x="0" y="96" width="34" height="25" xoffset="-2" yoffset="16" xadvance="30" page="0" chnl="15"/><!-- m --><char id="110" x="81" y="96" width="30" height="25" xoffset="0" yoffset="16" xadvance="30" page="0" chnl="15"/><!-- n --><char id="111" x="171" y="93" width="26" height="26" xoffset="2" yoffset="16" xadvance="30" page="0" chnl="15"/><!-- o --><char id="112" x="81" y="184" width="29" height="34" xoffset="-1" yoffset="16" xadvance="30" page="0" chnl="15"/><!-- p --><char id="113" x="112" y="235" width="28" height="34" xoffset="2" yoffset="16" xadvance="30" page="0" chnl="15"/><!-- q --><char id="114" x="171" y="120" width="26" height="25" xoffset="2" yoffset="16" xadvance="30" page="0" chnl="15"/><!-- r --><char id="115" x="199" y="160" width="24" height="26" xoffset="3" yoffset="16" xadvance="30" page="0" chnl="15"/><!-- s --><char id="116" x="142" y="189" width="27" height="33" xoffset="1" yoffset="9" xadvance="30" page="0" chnl="15"/><!-- t --><char id="117" x="112" y="96" width="29" height="26" xoffset="0" yoffset="16" xadvance="30" page="0" chnl="15"/><!-- u --><char id="118" x="0" y="261" width="30" height="26" xoffset="0" yoffset="16" xadvance="30" page="0" chnl="15"/><!-- v --><char id="119" x="0" y="69" width="34" height="26" xoffset="-2" yoffset="16" xadvance="30" page="0" chnl="15"/><!-- w --><char id="120" x="81" y="122" width="30" height="25" xoffset="0" yoffset="16" xadvance="30" page="0" chnl="15"/><!-- x --><char id="121" x="0" y="225" width="30" height="35" xoffset="0" yoffset="16" xadvance="30" page="0" chnl="15"/><!-- y --><char id="122" x="199" y="187" width="24" height="25" xoffset="3" yoffset="16" xadvance="30" page="0" chnl="15"/><!-- z --><char id="123" x="225" y="0" width="23" height="43" xoffset="3" yoffset="6" xadvance="30" page="0" chnl="15"/><!-- { --><char id="124" x="35" y="173" width="6" height="45" xoffset="12" yoffset="5" xadvance="30" page="0" chnl="15"/><!-- | --><char id="125" x="225" y="44" width="23" height="43" xoffset="4" yoffset="6" xadvance="30" page="0" chnl="15"/><!-- } --><char id="8470" x="0" y="0" width="49" height="35" xoffset="-1" yoffset="1" xadvance="48" page="0" chnl="15"/><!-- № --></chars></font>