<font>
    <info face="CHILDREN BOOK KIDS" size="50" bold="0" italic="0" charset="" unicode="1" stretchH="100" smooth="0" aa="1" padding="25,25,25,25" spacing="25,25" outline="0" />
    <common lineHeight="51" base="41" scaleW="664" scaleH="1024" pages="1" packed="0" alphaChnl="0" redChnl="4" greenChnl="4" blueChnl="4" />
    <pages>
        <page id="0" file="children_book_font_0.png" />
    </pages>
    <chars count="61">
        <char id="32" x="0" y="0" width="0" height="0" xoffset="0" yoffset="0" xadvance="10" page="0" chnl="15" />
        <char id="33" x="301" y="454" width="54" height="86" xoffset="-25" yoffset="-20" xadvance="5" page="0" chnl="15" />
        <char id="34" x="556" y="421" width="57" height="58" xoffset="-24" yoffset="-20" xadvance="8" page="0" chnl="15" />
        <char id="39" x="471" y="929" width="54" height="58" xoffset="-24" yoffset="-20" xadvance="5" page="0" chnl="15" />
        <char id="44" x="566" y="313" width="54" height="60" xoffset="-26" yoffset="13" xadvance="3" page="0" chnl="15" />
        <char id="45" x="474" y="526" width="62" height="54" xoffset="-25" yoffset="3" xadvance="12" page="0" chnl="15" />
        <char id="46" x="475" y="744" width="54" height="53" xoffset="-26" yoffset="14" xadvance="3" page="0" chnl="15" />
        <char id="58" x="471" y="844" width="54" height="60" xoffset="-25" yoffset="7" xadvance="4" page="0" chnl="15" />
        <char id="63" x="201" y="917" width="65" height="81" xoffset="-25" yoffset="-15" xadvance="17" page="0" chnl="15" />
        <char id="65" x="25" y="588" width="67" height="88" xoffset="-26" yoffset="-20" xadvance="16" page="0" chnl="15" />
        <char id="66" x="118" y="249" width="68" height="88" xoffset="-24" yoffset="-19" xadvance="18" page="0" chnl="15" />
        <char id="67" x="211" y="360" width="65" height="84" xoffset="-24" yoffset="-19" xadvance="15" page="0" chnl="15" />
        <char id="68" x="117" y="588" width="67" height="85" xoffset="-25" yoffset="-19" xadvance="15" page="0" chnl="15" />
        <char id="69" x="118" y="809" width="67" height="83" xoffset="-25" yoffset="-18" xadvance="16" page="0" chnl="15" />
        <char id="70" x="128" y="25" width="69" height="83" xoffset="-25" yoffset="-18" xadvance="17" page="0" chnl="15" />
        <char id="71" x="207" y="698" width="67" height="83" xoffset="-27" yoffset="-18" xadvance="15" page="0" chnl="15" />
        <char id="72" x="209" y="582" width="64" height="86" xoffset="-25" yoffset="-20" xadvance="15" page="0" chnl="15" />
        <char id="73" x="300" y="240" width="59" height="85" xoffset="-26" yoffset="-18" xadvance="8" page="0" chnl="15" />
        <char id="74" x="212" y="469" width="64" height="85" xoffset="-26" yoffset="-18" xadvance="14" page="0" chnl="15" />
        <char id="75" x="298" y="579" width="64" height="85" xoffset="-25" yoffset="-19" xadvance="15" page="0" chnl="15" />
        <char id="76" x="299" y="689" width="64" height="84" xoffset="-26" yoffset="-19" xadvance="12" page="0" chnl="15" />
        <char id="77" x="25" y="137" width="75" height="87" xoffset="-24" yoffset="-20" xadvance="27" page="0" chnl="15" />
        <char id="78" x="117" y="698" width="65" height="86" xoffset="-24" yoffset="-20" xadvance="17" page="0" chnl="15" />
        <char id="79" x="25" y="475" width="68" height="88" xoffset="-25" yoffset="-23" xadvance="18" page="0" chnl="15" />
        <char id="80" x="25" y="701" width="67" height="88" xoffset="-25" yoffset="-21" xadvance="16" page="0" chnl="15" />
        <char id="81" x="25" y="249" width="68" height="89" xoffset="-25" yoffset="-20" xadvance="18" page="0" chnl="15" />
        <char id="82" x="125" y="137" width="66" height="87" xoffset="-25" yoffset="-20" xadvance="16" page="0" chnl="15" />
        <char id="83" x="211" y="249" width="64" height="86" xoffset="-26" yoffset="-19" xadvance="12" page="0" chnl="15" />
        <char id="84" x="25" y="363" width="69" height="87" xoffset="-26" yoffset="-19" xadvance="17" page="0" chnl="15" />
        <char id="85" x="291" y="915" width="66" height="83" xoffset="-25" yoffset="-18" xadvance="16" page="0" chnl="15" />
        <char id="86" x="25" y="814" width="68" height="84" xoffset="-24" yoffset="-19" xadvance="18" page="0" chnl="15" />
        <char id="87" x="25" y="25" width="78" height="87" xoffset="-24" yoffset="-19" xadvance="28" page="0" chnl="15" />
        <char id="88" x="119" y="362" width="67" height="84" xoffset="-26" yoffset="-18" xadvance="16" page="0" chnl="15" />
        <char id="89" x="210" y="806" width="66" height="84" xoffset="-25" yoffset="-18" xadvance="14" page="0" chnl="15" />
        <char id="90" x="118" y="475" width="69" height="82" xoffset="-26" yoffset="-16" xadvance="17" page="0" chnl="15" />
        <char id="97" x="471" y="230" width="64" height="71" xoffset="-26" yoffset="-3" xadvance="13" page="0" chnl="15" />
        <char id="98" x="382" y="906" width="64" height="80" xoffset="-24" yoffset="-13" xadvance="15" page="0" chnl="15" />
        <char id="99" x="566" y="120" width="61" height="69" xoffset="-24" yoffset="-3" xadvance="12" page="0" chnl="15" />
        <char id="100" x="303" y="130" width="61" height="82" xoffset="-24" yoffset="-15" xadvance="13" page="0" chnl="15" />
        <char id="101" x="577" y="25" width="62" height="67" xoffset="-26" yoffset="-1" xadvance="11" page="0" chnl="15" />
        <char id="102" x="222" y="25" width="63" height="80" xoffset="-26" yoffset="-2" xadvance="12" page="0" chnl="15" />
        <char id="103" x="310" y="25" width="62" height="80" xoffset="-25" yoffset="-2" xadvance="12" page="0" chnl="15" />
        <char id="104" x="380" y="454" width="62" height="75" xoffset="-24" yoffset="-10" xadvance="13" page="0" chnl="15" />
        <char id="105" x="466" y="650" width="54" height="69" xoffset="-25" yoffset="-4" xadvance="5" page="0" chnl="15" />
        <char id="106" x="384" y="237" width="62" height="77" xoffset="-33" yoffset="-2" xadvance="5" page="0" chnl="15" />
        <char id="107" x="25" y="923" width="63" height="76" xoffset="-25" yoffset="-9" xadvance="13" page="0" chnl="15" />
        <char id="108" x="388" y="650" width="53" height="78" xoffset="-24" yoffset="-11" xadvance="5" page="0" chnl="15" />
        <char id="109" x="397" y="25" width="66" height="71" xoffset="-24" yoffset="-3" xadvance="18" page="0" chnl="15" />
        <char id="110" x="560" y="217" width="61" height="71" xoffset="-24" yoffset="-3" xadvance="13" page="0" chnl="15" />
        <char id="111" x="113" y="923" width="63" height="75" xoffset="-25" yoffset="-6" xadvance="13" page="0" chnl="15" />
        <char id="112" x="301" y="350" width="62" height="79" xoffset="-24" yoffset="-2" xadvance="12" page="0" chnl="15" />
        <char id="113" x="216" y="133" width="62" height="82" xoffset="-25" yoffset="-4" xadvance="13" page="0" chnl="15" />
        <char id="114" x="387" y="554" width="62" height="71" xoffset="-25" yoffset="-4" xadvance="12" page="0" chnl="15" />
        <char id="115" x="390" y="753" width="60" height="66" xoffset="-25" yoffset="-2" xadvance="9" page="0" chnl="15" />
        <char id="116" x="301" y="798" width="64" height="83" xoffset="-25" yoffset="-13" xadvance="11" page="0" chnl="15" />
        <char id="117" x="488" y="25" width="64" height="70" xoffset="-26" yoffset="-1" xadvance="13" page="0" chnl="15" />
        <char id="118" x="479" y="326" width="62" height="70" xoffset="-24" yoffset="-3" xadvance="13" page="0" chnl="15" />
        <char id="119" x="477" y="121" width="64" height="71" xoffset="-24" yoffset="-1" xadvance="16" page="0" chnl="15" />
        <char id="120" x="388" y="339" width="66" height="69" xoffset="-26" yoffset="-1" xadvance="14" page="0" chnl="15" />
        <char id="121" x="389" y="130" width="63" height="75" xoffset="-25" yoffset="1" xadvance="13" page="0" chnl="15" />
        <char id="122" x="467" y="433" width="64" height="68" xoffset="-25" yoffset="-2" xadvance="14" page="0" chnl="15" />
    </chars>
    <kernings count="0" />
</font>