{"section1":{"files":[{"url":{"IMG":"assets/jack/confused.png"},"type":"texture","key":"confused"},{"url":{"IMG":"assets/jack/crying.png"},"type":"texture","key":"crying"},{"url":{"IMG":"assets/jack/happy.png"},"type":"texture","key":"happy"},{"url":{"IMG":"assets/jack/jack.png"},"type":"texture","key":"jack"},{"url":{"IMG":"assets/jack/sad.png"},"type":"texture","key":"sad"},{"url":{"IMG":"assets/jack/stressed.png"},"type":"texture","key":"stressed"}]},"meta":{"app":"Phaser Editor 2D - Asset Pack Editor","contentType":"phasereditor2d.pack.core.AssetContentType","url":"https://phasereditor2d.com","version":2,"showAllFilesInBlocks":false,"visible":true}}